{
    "vehicles" : [
        {
            "src" : "https://cdn.pixabay.com/photo/2018/05/02/20/36/fendt-3369617_1280.jpg",
            "name" : "Fendt",
            "alt" : "Close-up of a green tractor",
            "type" : "tractor",
            "color" : "green",
            "rating" : 0,
            "comments" : [
                {
                    "body" : "",
                    "user" : ""
                }
            ],
            "price" : 0,
            "desc" : "",
            "specs" : ""
        },
        {
            "src" : "https://cdn.pixabay.com/photo/2016/11/10/21/29/tractor-1815232_1280.jpg",
            "name" : "John Deere",
            "alt" : "Green tractor connected to a red farming implement in a field",
            "type" : "tractor",
            "color" : "green",
            "rating" : 0,
            "comments" : [
                {
                    "body" : "",
                    "user" : ""
                }
            ],
            "price" : 0,
            "desc" : "",
            "specs" : ""
            
        },
        {
            "src" : "https://cdn.pixabay.com/photo/2017/03/13/07/38/combine-harvester-2138997_1280.jpg",
            "name" : "CLAAS",
            "alt" : "Large harvester in a recently harvested wheat field next to a tractor",
            "type" : "harvester",
            "color" : "green",
            "rating" : 0,
            "comments" : [
                {
                    "body" : "",
                    "user" : ""
                }
            ],
            "price" : 0,
            "desc" : "",
            "specs" : ""
            
        },
        {
            "src" : "https://images.unsplash.com/photo-1614977645540-7abd88ba8e56?q=80&w=2573&auto=format&fit=crop&ixlib=rb-4.0.3&ixid=M3wxMjA3fDB8MHxwaG90by1wYWdlfHx8fGVufDB8fHx8fA%3D%3D",
            "name" : "John Deere",
            "alt" : "Green tractor in a barn",
            "type" : "tractor",
            "color" : "green",
            "rating" : 0,
            "comments" : [
                {
                    "body" : "",
                    "user" : ""
                }
            ],
            "price" : 0,
            "desc" : "",
            "specs" : ""
            
        },
        {
            "src" : "https://images.unsplash.com/photo-1601593797922-325abb0f763d?q=80&w=2670&auto=format&fit=crop&ixlib=rb-4.0.3&ixid=M3wxMjA3fDB8MHxwaG90by1wYWdlfHx8fGVufDB8fHx8fA%3D%3D",
            "name" : "McCormick Farmall",
            "alt" : "Red tractor in a field",
            "type" : "tractor",
            "color" : "red",
            "rating" : 0,
            "comments" : [
                {
                    "body" : "",
                    "user" : ""
                }
            ],
            "price" : 0,
            "desc" : "",
            "specs" : ""
            
        },
        {
            "src" : "https://images.unsplash.com/photo-1527847263472-aa5338d178b8?q=80&w=2674&auto=format&fit=crop&ixlib=rb-4.0.3&ixid=M3wxMjA3fDB8MHxwaG90by1wYWdlfHx8fGVufDB8fHx8fA%3D%3D",
            "name" : "Baler",
            "alt" : "Vehicle collecting straw to bundle",
            "type" : "baler",
            "color" : "green",
            "rating" : 0,
            "comments" : [
                {
                    "body" : "",
                    "user" : ""
                }
            ],
            "price" : 0,
            "desc" : "",
            "specs" : ""

        },
        {
            "src" : "https://images.unsplash.com/photo-1606041974734-0341c2d2d988?q=80&w=2532&auto=format&fit=crop&ixlib=rb-4.0.3&ixid=M3wxMjA3fDB8MHxwaG90by1wYWdlfHx8fGVufDB8fHx8fA%3D%3D",
            "name" : "John Deere Harvester",
            "alt" : "Harvester actively collecting and threshing in a wheat field",
            "type" : "harvester",
            "color" : "green",
            "rating" : 0,
            "comments" : [
                {
                    "body" : "",
                    "user" : ""
                }
            ],
            "price" : 0,
            "desc" : "",
            "specs" : ""
            
        },
        {
            "src" : "https://images.unsplash.com/photo-1614977646033-448adc696eb6?q=80&w=1973&auto=format&fit=crop&ixlib=rb-4.0.3&ixid=M3wxMjA3fDB8MHxwaG90by1wYWdlfHx8fGVufDB8fHx8fA%3D%3D",
            "name" : "Tractor with Lift",
            "alt" : "Blue and black tractor with a lift connected to a trailer",
            "type" : "tractor",
            "color" : "blue",
            "rating" : 0,
            "comments" : [
                {
                    "body" : "",
                    "user" : ""
                }
            ],
            "price" : 0,
            "desc" : "",
            "specs" : ""
            
        }
        
    ],
    "implements" : [
        {
            "src" : "https://images.unsplash.com/photo-1595702852378-f9c79111413f?q=80&w=2532&auto=format&fit=crop&ixlib=rb-4.0.3&ixid=M3wxMjA3fDB8MHxwaG90by1wYWdlfHx8fGVufDB8fHx8fA%3D%3D",
            "name" : "John Deere Planter",
            "alt" : "John Deere vehicle planting and covering seeds up in a field",
            "type" : "seeder",
            "color" : "green",
            "rating" : 0,
            "comments" : [
                {
                    "body" : "",
                    "user" : ""
                }
            ],
            "price" : 0,
            "desc" : "",
            "specs" : ""

        },
        {
            "src" : "https://static.grainews.ca/wp-content/uploads/2017/06/Early-Riser-2160-main.jpeg",
            "name" : "Case Planter",
            "alt" : "Vehicle planting and covering seeds up in a field",
            "type" : "seeder",
            "color" : "red",
            "rating" : 0,
            "comments" : [
                {
                    "body" : "",
                    "user" : ""
                }
            ],
            "price" : 0,
            "desc" : "",
            "specs" : ""

        },
        {
            "src" : "https://plus.unsplash.com/premium_photo-1661934039679-9c893f091ddd?q=80&w=2670&auto=format&fit=crop&ixlib=rb-4.0.3&ixid=M3wxMjA3fDB8MHxwaG90by1wYWdlfHx8fGVufDB8fHx8fA%3D%3D",
            "name" : "Cultivator",
            "alt" : "Vehicle tilling the ground",
            "type" : "seeder",
            "color" : "red",
            "rating" : 0,
            "comments" : [
                {
                    "body" : "",
                    "user" : ""
                }
            ],
            "price" : 0,
            "desc" : "",
            "specs" : ""

        },
        {
            "src" : "https://plus.unsplash.com/premium_photo-1661962971074-1554649d40d5?q=80&w=2564&auto=format&fit=crop&ixlib=rb-4.0.3&ixid=M3wxMjA3fDB8MHxwaG90by1wYWdlfHx8fGVufDB8fHx8fA%3D%3D",
            "name" : "Sprayer",
            "alt" : "Vehicle spraying pesticides over growing crops",
            "type" : "crop-care",
            "color" : "red",
            "rating" : 0,
            "comments" : [
                {
                    "body" : "",
                    "user" : ""
                }
            ],
            "price" : 0,
            "desc" : "",
            "specs" : ""

        },
        {
            "src" : "https://images.unsplash.com/photo-1593525939463-027e5ccb5619?q=80&w=2070&auto=format&fit=crop&ixlib=rb-4.0.3&ixid=M3wxMjA3fDB8MHxwaG90by1wYWdlfHx8fGVufDB8fHx8fA%3D%3D",
            "name" : "Irrigation Hose",
            "alt" : "Irrigation hose set up in a field",
            "type" : "crop-care",
            "color" : "blue",
            "rating" : 0,
            "comments" : [
                {
                    "body" : "",
                    "user" : ""
                }
            ],
            "price" : 0,
            "desc" : "",
            "specs" : ""

        },
        {
            "src" : "https://plus.unsplash.com/premium_photo-1661849201240-a0d3bdea40d8?q=80&w=2685&auto=format&fit=crop&ixlib=rb-4.0.3&ixid=M3wxMjA3fDB8MHxwaG90by1wYWdlfHx8fGVufDB8fHx8fA%3D%3D",
            "name" : "Spreader",
            "alt" : "Vehicle spraying water over newly planted crops",
            "type" : "seeder",
            "color" : "red",
            "rating" : 0,
            "comments" : [
                {
                    "body" : "",
                    "user" : ""
                }
            ],
            "price" : 0,
            "desc" : "",
            "specs" : ""

        },
        {
            "src" : "https://images.unsplash.com/photo-1587316807833-7008b6d63a4e?q=80&w=2070&auto=format&fit=crop&ixlib=rb-4.0.3&ixid=M3wxMjA3fDB8MHxwaG90by1wYWdlfHx8fGVufDB8fHx8fA%3D%3D",
            "name" : "Small Greenhouse Planters",
            "alt" : "Someone planting starters into a small planter set",
            "type" : "planter",
            "color" : "all",
            "rating" : 0,
            "comments" : [
                {
                    "body" : "",
                    "user" : ""
                }
            ],
            "price" : 0,
            "desc" : "",
            "specs" : ""
        }
        
    ],
    "products" : [
        {
            "src" : "https://images.unsplash.com/photo-1613036582025-ba1d4ccb3226?q=80&w=2535&auto=format&fit=crop&ixlib=rb-4.0.3&ixid=M3wxMjA3fDB8MHxwaG90by1wYWdlfHx8fGVufDB8fHx8fA%3D%3D",
            "name" : "Potting Soil",
            "alt" : "An image of potting soil",
            "type" : "soil",
            "season" : "all",
            "variations" : [
                "5 lbs",
                "10 lbs",
                "20 lbs",
                "40 lbs"
            ],
            "rating" : 0,
            "numRatings" : 0,
            "comments" : [
                {
                    "body" : "",
                    "user" : ""
                }
            ],
            "price" : 0,
            "desc" : ""
        },
        {
            "src" : "https://images.unsplash.com/photo-1589562760889-38898c71d3d8?q=80&w=2436&auto=format&fit=crop&ixlib=rb-4.0.3&ixid=M3wxMjA3fDB8MHxwaG90by1wYWdlfHx8fGVufDB8fHx8fA%3D%3D",
            "name" : "Mulch",
            "alt" : "An image of mulch soil",
            "type" : "soil",
            "season" : "all",
            "variations" : [
                "20 lbs",
                "40 lbs"
            ],
            "rating" : 0,
            "numRatings" : 0,
            "comments" : [
                {
                    "body" : "",
                    "user" : ""
                }
            ],
            "price" : 0,
            "desc" : ""
        },
        {
            "src" : "https://images.unsplash.com/photo-1557804950-901398de43ba?q=80&w=2532&auto=format&fit=crop&ixlib=rb-4.0.3&ixid=M3wxMjA3fDB8MHxwaG90by1wYWdlfHx8fGVufDB8fHx8fA%3D%3D",
            "name" : "Tulip bulb",
            "alt" : "Several flowering tulips",
            "type" : "seed",
            "season" : "spring",
            "variations" : [
                "1 bulb",
                "10 bulbs",
                "20 bulbs",
                "40 bulbs"
            ],
            "rating" : 0,
            "numRatings" : 0,
            "comments" : [

            ],
            "price" : 0,
            "desc" : ""
        },
        {
            "src" : "https://plus.unsplash.com/premium_photo-1682148079965-2a80a9acd8ac?q=80&w=2670&auto=format&fit=crop&ixlib=rb-4.0.3&ixid=M3wxMjA3fDB8MHxwaG90by1wYWdlfHx8fGVufDB8fHx8fA%3D%3D",
            "name" : "Seeds",
            "alt" : "A handful of an assortment of seeds", 
            "type" : "seed",
            "season" : "spring",
            "variations" : [
                "1 pound",
                "10 pounds",
                "20 pounds",
                "40 pounds"
            ],
            "rating" : 0,
            "numRatings" : 0,
            "comments" : [

            ],
            "price" : 0,
            "desc" : ""
        },
        {
            "src" : "https://images.pexels.com/photos/12925598/pexels-photo-12925598.jpeg?auto=compress&cs=tinysrgb&w=1260&h=750&dpr=2",
            "name" : "Fertilizer",
            "alt" : "A handful of fertilizer",
            "type" : "material",
            "season" : "all",
            "variations" : [
                "1 pound",
                "10 pounds",
                "20 pounds",
                "40 pounds"
            ],
            "rating" : 0,
            "numRatings" : 0,
            "comments" : [

            ],
            "price" : 0,
            "desc" : ""
        },
        {
            "src" : "https://images.unsplash.com/photo-1661328992560-55256f06bdad?q=80&w=1932&auto=format&fit=crop&ixlib=rb-4.0.3&ixid=M3wxMjA3fDB8MHxwaG90by1wYWdlfHx8fGVufDB8fHx8fA%3D%3D",
            "name" : "Garden Mesh Netting",
            "alt" : "Picture of mesh netting covering smaller plants",
            "type" : "material",
            "season" : "all",
            "variations" : [
                "100 feet",
                "200 feet",
                "400 feet"
            ],
            "rating" : 0,
            "numRatings" : 0,
            "comments" : [

            ],
            "price" : 0,
            "desc" : ""
        }
    ]
}